"('Session', 7)","('Date', 4)","('Time', 4)","('Any other comments?', 19)","('Energy (1 - very sleepy, 7 - wide awake)', 40)","('How many hours ago did you wake up?', 35)","('Mood (1 - very unhappy, 7 - very happy)', 39)","('Attentional Focus', 17)","('Backward Spatial Span', 21)","('Choice Reaction Time', 20)","('Coding', 6)","('Color-Word (Inhibition)', 23)","('Cued Attention (dot)', 20)","('Design Copy', 11)","('Design Recognition', 18)","('Finger Tapping', 14)","('Forward Spatial Span', 20)","('Go / No-Go', 10)","('Mental Rotation', 15)","('Self-Paced 1-Back', 17)","('Self-Paced 2-Back', 17)","('Self-Paced 3-Back', 17)","('Simple Reaction Time', 20)","('Sorting', 7)","('Verbal Learning 2 (nonsense words)', 34)","('Verbal Learning 2 (real words)', 30)","('Verbal Learning with Replacement (nonsense words)', 49)","('Verbal Learning with Replacement (real words)', 45)","('Visual Backward Digit Span', 26)","('Visual Forward Digit Span', 25)","('Visual Matching', 15)","('Visuospatial Paired Associates', 30)"
"('1', 1)","('2018-11-23', 10)","('20:28:24', 8)","('', 0)","('6', 1)","('13.42', 5)","('5', 1)","('N/A', 3)","('N/A', 3)","('N/A', 3)","('569.612', 7)","('N/A', 3)","('519.704', 7)","('N/A', 3)","('N/A', 3)","('N/A', 3)","('N/A', 3)","('419.798', 7)","('N/A', 3)","('532.639', 7)","('N/A', 3)","('N/A', 3)","('609.999', 7)","('N/A', 3)","('N/A', 3)","('N/A', 3)","('N/A', 3)","('N/A', 3)","('597.296', 7)","('N/A', 3)","('578.103', 7)","('N/A', 3)"
"('2', 1)","('2018-11-24', 10)","('10:19:40', 8)","('', 0)","('6', 1)","('2.59', 4)","('5', 1)","('N/A', 3)","('550.850', 7)","('N/A', 3)","('N/A', 3)","('519.281', 7)","('602.294', 7)","('N/A', 3)","('N/A', 3)","('629.541', 7)","('N/A', 3)","('532.988', 7)","('N/A', 3)","('N/A', 3)","('N/A', 3)","('N/A', 3)","('553.316', 7)","('N/A', 3)","('423.958', 7)","('N/A', 3)","('490.187', 7)","('N/A', 3)","('N/A', 3)","('N/A', 3)","('N/A', 3)","('N/A', 3)"
"('3', 1)","('2018-11-25', 10)","('12:39:23', 8)","('youtube hypnosis induced stupidity', 34)","('4', 1)","('1.78', 4)","('3', 1)","('493.807', 7)","('636.630', 7)","('578.699', 7)","('N/A', 3)","('N/A', 3)","('N/A', 3)","('N/A', 3)","('564.236', 7)","('N/A', 3)","('N/A', 3)","('417.571', 7)","('N/A', 3)","('N/A', 3)","('N/A', 3)","('N/A', 3)","('N/A', 3)","('572.144', 7)","('522.465', 7)","('N/A', 3)","('429.401', 7)","('N/A', 3)","('N/A', 3)","('N/A', 3)","('N/A', 3)","('N/A', 3)"
"('4', 1)","('2018-11-25', 10)","('17:49:38', 8)","('not feeling sick no more', 24)","('5', 1)","('7.58', 4)","('5', 1)","('N/A', 3)","('593.853', 7)","('N/A', 3)","('611.297', 7)","('529.577', 7)","('N/A', 3)","('N/A', 3)","('N/A', 3)","('N/A', 3)","('N/A', 3)","('514.227', 7)","('N/A', 3)","('N/A', 3)","('N/A', 3)","('N/A', 3)","('320.101', 7)","('N/A', 3)","('435.109', 7)","('N/A', 3)","('440.632', 7)","('N/A', 3)","('N/A', 3)","('586.159', 7)","('N/A', 3)","('N/A', 3)"
"('5', 1)","('2018-11-25', 10)","('22:33:06', 8)","('', 0)","('4', 1)","('12.70', 5)","('4', 1)","('N/A', 3)","('N/A', 3)","('586.916', 7)","('N/A', 3)","('569.688', 7)","('N/A', 3)","('N/A', 3)","('636.926', 7)","('N/A', 3)","('593.514', 7)","('N/A', 3)","('N/A', 3)","('N/A', 3)","('N/A', 3)","('N/A', 3)","('N/A', 3)","('N/A', 3)","('N/A', 3)","('N/A', 3)","('N/A', 3)","('N/A', 3)","('N/A', 3)","('530.101', 7)","('579.074', 7)","('515.868', 7)"
"('6', 1)","('2018-11-26', 10)","('11:00:00', 8)","('', 0)","('5', 1)","('2.14', 4)","('4', 1)","('N/A', 3)","('N/A', 3)","('N/A', 3)","('N/A', 3)","('560.986', 7)","('N/A', 3)","('N/A', 3)","('N/A', 3)","('N/A', 3)","('N/A', 3)","('596.653', 7)","('N/A', 3)","('N/A', 3)","('369.087', 7)","('314.846', 7)","('580.564', 7)","('N/A', 3)","('N/A', 3)","('N/A', 3)","('N/A', 3)","('N/A', 3)","('N/A', 3)","('579.833', 7)","('N/A', 3)","('N/A', 3)"
"('7', 1)","('2018-11-26', 10)","('15:54:30', 8)","('', 0)","('5', 1)","('6.53', 4)","('5', 1)","('N/A', 3)","('N/A', 3)","('N/A', 3)","('598.520', 7)","('595.550', 7)","('N/A', 3)","('N/A', 3)","('N/A', 3)","('N/A', 3)","('N/A', 3)","('636.949', 7)","('555.860', 7)","('532.209', 7)","('N/A', 3)","('352.808', 7)","('N/A', 3)","('N/A', 3)","('N/A', 3)","('N/A', 3)","('N/A', 3)","('N/A', 3)","('594.529', 7)","('N/A', 3)","('N/A', 3)","('N/A', 3)"
"('8', 1)","('2018-11-27', 10)","('10:39:27', 8)","('', 0)","('5', 1)","('2.81', 4)","('5', 1)","('468.670', 7)","('629.816', 7)","('N/A', 3)","('563.337', 7)","('N/A', 3)","('N/A', 3)","('N/A', 3)","('526.236', 7)","('N/A', 3)","('N/A', 3)","('N/A', 3)","('515.156', 7)","('N/A', 3)","('434.657', 7)","('N/A', 3)","('N/A', 3)","('N/A', 3)","('423.958', 7)","('N/A', 3)","('418.873', 7)","('N/A', 3)","('N/A', 3)","('N/A', 3)","('N/A', 3)","('N/A', 3)"
"('9', 1)","('2018-11-27', 10)","('17:49:39', 8)","('excited', 7)","('5', 1)","('9.48', 4)","('6', 1)","('552.516', 7)","('N/A', 3)","('N/A', 3)","('N/A', 3)","('517.078', 7)","('N/A', 3)","('N/A', 3)","('486.181', 7)","('624.713', 7)","('N/A', 3)","('N/A', 3)","('N/A', 3)","('N/A', 3)","('510.687', 7)","('N/A', 3)","('N/A', 3)","('N/A', 3)","('N/A', 3)","('N/A', 3)","('N/A', 3)","('N/A', 3)","('554.848', 7)","('546.030', 7)","('N/A', 3)","('N/A', 3)"
"('10', 2)","('2018-11-28', 10)","('14:30:29', 8)","('', 0)","('5', 1)","('9.02', 4)","('4', 1)","('510.162', 7)","('650.370', 7)","('N/A', 3)","('N/A', 3)","('561.268', 7)","('N/A', 3)","('N/A', 3)","('612.976', 7)","('620.263', 7)","('N/A', 3)","('N/A', 3)","('586.752', 7)","('N/A', 3)","('N/A', 3)","('N/A', 3)","('616.465', 7)","('N/A', 3)","('N/A', 3)","('N/A', 3)","('N/A', 3)","('N/A', 3)","('N/A', 3)","('N/A', 3)","('N/A', 3)","('N/A', 3)"
"('11', 2)","('2018-11-30', 10)","('11:08:54', 8)","('', 0)","('3', 1)","('1.01', 4)","('3', 1)","('N/A', 3)","('N/A', 3)","('579.178', 7)","('N/A', 3)","('N/A', 3)","('N/A', 3)","('612.781', 7)","('N/A', 3)","('N/A', 3)","('N/A', 3)","('415.527', 7)","('N/A', 3)","('N/A', 3)","('N/A', 3)","('N/A', 3)","('597.872', 7)","('N/A', 3)","('N/A', 3)","('571.900', 7)","('N/A', 3)","('485.710', 7)","('587.510', 7)","('N/A', 3)","('N/A', 3)","('N/A', 3)"
"('12', 2)","('2018-11-30', 10)","('20:22:41', 8)","('bus sick', 8)","('4', 1)","('10.08', 5)","('3', 1)","('N/A', 3)","('N/A', 3)","('N/A', 3)","('N/A', 3)","('N/A', 3)","('538.046', 7)","('691.445', 7)","('N/A', 3)","('614.394', 7)","('558.253', 7)","('N/A', 3)","('N/A', 3)","('N/A', 3)","('N/A', 3)","('N/A', 3)","('N/A', 3)","('N/A', 3)","('N/A', 3)","('460.855', 7)","('N/A', 3)","('533.494', 7)","('N/A', 3)","('N/A', 3)","('577.269', 7)","('N/A', 3)"
"('13', 2)","('2018-12-01', 10)","('01:33:34', 8)","('', 0)","('3', 1)","('15.31', 5)","('5', 1)","('N/A', 3)","('N/A', 3)","('563.340', 7)","('619.901', 7)","('N/A', 3)","('564.211', 7)","('N/A', 3)","('N/A', 3)","('N/A', 3)","('656.219', 7)","('N/A', 3)","('N/A', 3)","('N/A', 3)","('N/A', 3)","('505.125', 7)","('N/A', 3)","('N/A', 3)","('N/A', 3)","('N/A', 3)","('N/A', 3)","('N/A', 3)","('N/A', 3)","('N/A', 3)","('595.095', 7)","('539.780', 7)"
"('14', 2)","('2018-12-01', 10)","('13:12:55', 8)","('', 0)","('5', 1)","('3.19', 4)","('3', 1)","('N/A', 3)","('N/A', 3)","('574.297', 7)","('571.221', 7)","('N/A', 3)","('N/A', 3)","('629.166', 7)","('N/A', 3)","('N/A', 3)","('N/A', 3)","('540.128', 7)","('N/A', 3)","('N/A', 3)","('507.029', 7)","('N/A', 3)","('525.944', 7)","('N/A', 3)","('N/A', 3)","('N/A', 3)","('N/A', 3)","('N/A', 3)","('N/A', 3)","('636.643', 7)","('N/A', 3)","('N/A', 3)"
"('15', 2)","('2018-12-01', 10)","('17:08:24', 8)","('sick', 4)","('5', 1)","('7.06', 4)","('3', 1)","('534.998', 7)","('585.654', 7)","('575.122', 7)","('N/A', 3)","('N/A', 3)","('N/A', 3)","('N/A', 3)","('N/A', 3)","('N/A', 3)","('N/A', 3)","('N/A', 3)","('623.952', 7)","('575.436', 7)","('N/A', 3)","('N/A', 3)","('525.219', 7)","('N/A', 3)","('N/A', 3)","('N/A', 3)","('N/A', 3)","('N/A', 3)","('N/A', 3)","('N/A', 3)","('605.309', 7)","('N/A', 3)"
"('16', 2)","('2018-12-01', 10)","('21:17:25', 8)","('', 0)","('3', 1)","('11.33', 5)","('4', 1)","('N/A', 3)","('N/A', 3)","('N/A', 3)","('N/A', 3)","('557.932', 7)","('591.907', 7)","('N/A', 3)","('N/A', 3)","('629.243', 7)","('N/A', 3)","('N/A', 3)","('566.714', 7)","('N/A', 3)","('527.356', 7)","('N/A', 3)","('N/A', 3)","('N/A', 3)","('N/A', 3)","('N/A', 3)","('N/A', 3)","('N/A', 3)","('N/A', 3)","('N/A', 3)","('597.553', 7)","('554.006', 7)"
"('17', 2)","('2018-12-02', 10)","('03:27:37', 8)","('', 0)","('3', 1)","('17.33', 5)","('5', 1)","('N/A', 3)","('N/A', 3)","('608.615', 7)","('N/A', 3)","('609.890', 7)","('578.378', 7)","('666.091', 7)","('610.237', 7)","('N/A', 3)","('N/A', 3)","('548.798', 7)","('N/A', 3)","('N/A', 3)","('N/A', 3)","('N/A', 3)","('N/A', 3)","('N/A', 3)","('N/A', 3)","('N/A', 3)","('N/A', 3)","('N/A', 3)","('N/A', 3)","('N/A', 3)","('580.842', 7)","('N/A', 3)"
"('18', 2)","('2018-12-02', 10)","('12:15:11', 8)","('', 0)","('5', 1)","('0.34', 4)","('5', 1)","('N/A', 3)","('N/A', 3)","('N/A', 3)","('644.000', 7)","('N/A', 3)","('595.309', 7)","('706.551', 7)","('N/A', 3)","('N/A', 3)","('N/A', 3)","('N/A', 3)","('N/A', 3)","('N/A', 3)","('534.940', 7)","('N/A', 3)","('551.490', 7)","('N/A', 3)","('N/A', 3)","('N/A', 3)","('N/A', 3)","('N/A', 3)","('N/A', 3)","('559.024', 7)","('600.529', 7)","('N/A', 3)"
"('19', 2)","('2018-12-02', 10)","('22:54:09', 8)","('', 0)","('3', 1)","('11.16', 5)","('3', 1)","('N/A', 3)","('N/A', 3)","('N/A', 3)","('621.669', 7)","('N/A', 3)","('644.420', 7)","('N/A', 3)","('581.134', 7)","('623.405', 7)","('N/A', 3)","('555.396', 7)","('N/A', 3)","('N/A', 3)","('N/A', 3)","('N/A', 3)","('N/A', 3)","('N/A', 3)","('542.398', 7)","('N/A', 3)","('524.359', 7)","('N/A', 3)","('N/A', 3)","('618.388', 7)","('N/A', 3)","('N/A', 3)"
"('20', 2)","('2018-12-03', 10)","('14:15:09', 8)","('', 0)","('4', 1)","('1.66', 4)","('3', 1)","('N/A', 3)","('677.581', 7)","('N/A', 3)","('N/A', 3)","('N/A', 3)","('N/A', 3)","('677.213', 7)","('N/A', 3)","('610.582', 7)","('N/A', 3)","('N/A', 3)","('N/A', 3)","('N/A', 3)","('502.641', 7)","('N/A', 3)","('N/A', 3)","('560.807', 7)","('N/A', 3)","('N/A', 3)","('N/A', 3)","('N/A', 3)","('557.125', 7)","('N/A', 3)","('591.451', 7)","('N/A', 3)"
"('21', 2)","('2018-12-03', 10)","('16:39:30', 8)","('', 0)","('3', 1)","('4.15', 4)","('3', 1)","('N/A', 3)","('N/A', 3)","('N/A', 3)","('N/A', 3)","('N/A', 3)","('590.327', 7)","('N/A', 3)","('568.750', 7)","('N/A', 3)","('N/A', 3)","('503.545', 7)","('N/A', 3)","('N/A', 3)","('N/A', 3)","('506.655', 7)","('N/A', 3)","('N/A', 3)","('N/A', 3)","('454.233', 7)","('N/A', 3)","('545.658', 7)","('N/A', 3)","('N/A', 3)","('N/A', 3)","('541.430', 7)"
"('22', 2)","('2018-12-03', 10)","('22:58:18', 8)","('', 0)","('4', 1)","('10.20', 5)","('5', 1)","('N/A', 3)","('N/A', 3)","('N/A', 3)","('628.223', 7)","('N/A', 3)","('628.294', 7)","('N/A', 3)","('N/A', 3)","('592.192', 7)","('N/A', 3)","('489.105', 7)","('N/A', 3)","('N/A', 3)","('N/A', 3)","('N/A', 3)","('554.268', 7)","('584.856', 7)","('N/A', 3)","('N/A', 3)","('N/A', 3)","('N/A', 3)","('N/A', 3)","('582.031', 7)","('N/A', 3)","('N/A', 3)"
"('23', 2)","('2018-12-04', 10)","('02:27:51', 8)","('', 0)","('4', 1)","('14.26', 5)","('5', 1)","('N/A', 3)","('N/A', 3)","('N/A', 3)","('N/A', 3)","('N/A', 3)","('636.622', 7)","('N/A', 3)","('N/A', 3)","('N/A', 3)","('N/A', 3)","('N/A', 3)","('627.399', 7)","('514.638', 7)","('539.313', 7)","('N/A', 3)","('N/A', 3)","('584.566', 7)","('568.189', 7)","('N/A', 3)","('524.359', 7)","('N/A', 3)","('N/A', 3)","('605.616', 7)","('N/A', 3)","('N/A', 3)"
"('24', 2)","('2018-12-04', 10)","('16:13:25', 8)","('', 0)","('4', 1)","('3.31', 4)","('4', 1)","('454.779', 7)","('N/A', 3)","('N/A', 3)","('N/A', 3)","('N/A', 3)","('632.900', 7)","('N/A', 3)","('N/A', 3)","('N/A', 3)","('N/A', 3)","('483.126', 7)","('N/A', 3)","('N/A', 3)","('446.289', 7)","('N/A', 3)","('548.058', 7)","('N/A', 3)","('N/A', 3)","('518.767', 7)","('N/A', 3)","('548.147', 7)","('N/A', 3)","('N/A', 3)","('N/A', 3)","('N/A', 3)"
"('25', 2)","('2018-12-05', 10)","('01:41:31', 8)","('', 0)","('3', 1)","('12.00', 5)","('4', 1)","('N/A', 3)","('N/A', 3)","('N/A', 3)","('635.427', 7)","('557.393', 7)","('N/A', 3)","('712.815', 7)","('N/A', 3)","('N/A', 3)","('N/A', 3)","('475.841', 7)","('N/A', 3)","('N/A', 3)","('N/A', 3)","('N/A', 3)","('N/A', 3)","('N/A', 3)","('N/A', 3)","('400.257', 7)","('N/A', 3)","('451.271', 7)","('N/A', 3)","('N/A', 3)","('N/A', 3)","('537.247', 7)"
"('26', 2)","('2018-12-05', 10)","('20:11:55', 8)","('', 0)","('5', 1)","('5.09', 4)","('3', 1)","('576.825', 7)","('N/A', 3)","('N/A', 3)","('N/A', 3)","('N/A', 3)","('N/A', 3)","('N/A', 3)","('667.744', 7)","('N/A', 3)","('N/A', 3)","('523.140', 7)","('N/A', 3)","('N/A', 3)","('N/A', 3)","('N/A', 3)","('N/A', 3)","('586.428', 7)","('448.807', 7)","('N/A', 3)","('465.590', 7)","('N/A', 3)","('N/A', 3)","('610.903', 7)","('603.231', 7)","('N/A', 3)"
"('27', 2)","('2018-12-06', 10)","('03:22:21', 8)","('', 0)","('4', 1)","('13.66', 5)","('3', 1)","('481.583', 7)","('712.778', 7)","('547.872', 7)","('N/A', 3)","('585.005', 7)","('N/A', 3)","('N/A', 3)","('604.231', 7)","('N/A', 3)","('N/A', 3)","('539.023', 7)","('N/A', 3)","('N/A', 3)","('529.196', 7)","('N/A', 3)","('N/A', 3)","('N/A', 3)","('N/A', 3)","('N/A', 3)","('N/A', 3)","('N/A', 3)","('N/A', 3)","('N/A', 3)","('N/A', 3)","('N/A', 3)"
"('28', 2)","('2018-12-06', 10)","('17:23:09', 8)","('bad sleep', 9)","('5', 1)","('2.71', 4)","('4', 1)","('N/A', 3)","('593.210', 7)","('N/A', 3)","('663.206', 7)","('N/A', 3)","('N/A', 3)","('N/A', 3)","('639.570', 7)","('N/A', 3)","('N/A', 3)","('N/A', 3)","('N/A', 3)","('N/A', 3)","('N/A', 3)","('541.529', 7)","('N/A', 3)","('594.211', 7)","('N/A', 3)","('N/A', 3)","('N/A', 3)","('N/A', 3)","('568.746', 7)","('N/A', 3)","('N/A', 3)","('519.828', 7)"
"('29', 2)","('2018-12-07', 10)","('08:27:27', 8)","('', 0)","('3', 1)","('17.45', 5)","('4', 1)","('N/A', 3)","('N/A', 3)","('525.959', 7)","('N/A', 3)","('N/A', 3)","('N/A', 3)","('N/A', 3)","('N/A', 3)","('N/A', 3)","('618.440', 7)","('565.640', 7)","('N/A', 3)","('N/A', 3)","('N/A', 3)","('554.135', 7)","('463.713', 7)","('560.740', 7)","('N/A', 3)","('N/A', 3)","('N/A', 3)","('N/A', 3)","('N/A', 3)","('N/A', 3)","('N/A', 3)","('N/A', 3)"
"('30', 2)","('2018-12-08', 10)","('00:45:41', 8)","('jetlag came back', 16)","('3', 1)","('1.30', 4)","('3', 1)","('N/A', 3)","('N/A', 3)","('N/A', 3)","('619.671', 7)","('565.836', 7)","('591.785', 7)","('683.364', 7)","('N/A', 3)","('N/A', 3)","('623.626', 7)","('N/A', 3)","('N/A', 3)","('N/A', 3)","('N/A', 3)","('N/A', 3)","('N/A', 3)","('N/A', 3)","('542.398', 7)","('N/A', 3)","('603.453', 7)","('N/A', 3)","('N/A', 3)","('N/A', 3)","('593.048', 7)","('N/A', 3)"
"('31', 2)","('2018-12-08', 10)","('04:03:15', 8)","('', 0)","('4', 1)","('3.53', 4)","('4', 1)","('479.352', 7)","('N/A', 3)","('552.475', 7)","('673.308', 7)","('N/A', 3)","('589.166', 7)","('N/A', 3)","('N/A', 3)","('N/A', 3)","('N/A', 3)","('513.325', 7)","('N/A', 3)","('N/A', 3)","('N/A', 3)","('N/A', 3)","('N/A', 3)","('N/A', 3)","('568.189', 7)","('N/A', 3)","('586.389', 7)","('N/A', 3)","('N/A', 3)","('N/A', 3)","('594.810', 7)","('N/A', 3)"
"('32', 2)","('2018-12-08', 10)","('19:33:17', 8)","('', 0)","('5', 1)","('3.46', 4)","('5', 1)","('N/A', 3)","('N/A', 3)","('N/A', 3)","('594.176', 7)","('N/A', 3)","('697.834', 7)","('785.503', 7)","('N/A', 3)","('618.059', 7)","('639.520', 7)","('N/A', 3)","('N/A', 3)","('N/A', 3)","('N/A', 3)","('N/A', 3)","('N/A', 3)","('601.884', 7)","('N/A', 3)","('N/A', 3)","('N/A', 3)","('N/A', 3)","('N/A', 3)","('N/A', 3)","('590.660', 7)","('N/A', 3)"
"('33', 2)","('2018-12-09', 10)","('22:51:25', 8)","('', 0)","('3', 1)","('4.90', 4)","('3', 1)","('554.501', 7)","('N/A', 3)","('N/A', 3)","('N/A', 3)","('N/A', 3)","('N/A', 3)","('N/A', 3)","('574.597', 7)","('N/A', 3)","('N/A', 3)","('N/A', 3)","('586.769', 7)","('N/A', 3)","('N/A', 3)","('572.217', 7)","('588.746', 7)","('N/A', 3)","('N/A', 3)","('N/A', 3)","('N/A', 3)","('N/A', 3)","('605.066', 7)","('N/A', 3)","('604.958', 7)","('N/A', 3)"
"('34', 2)","('2018-12-10', 10)","('07:35:43', 8)","('', 0)","('4', 1)","('14.21', 5)","('4', 1)","('N/A', 3)","('N/A', 3)","('N/A', 3)","('N/A', 3)","('N/A', 3)","('N/A', 3)","('N/A', 3)","('N/A', 3)","('622.681', 7)","('N/A', 3)","('546.326', 7)","('634.542', 7)","('N/A', 3)","('601.795', 7)","('N/A', 3)","('N/A', 3)","('588.413', 7)","('542.398', 7)","('N/A', 3)","('633.929', 7)","('N/A', 3)","('N/A', 3)","('N/A', 3)","('N/A', 3)","('538.990', 7)"
"('35', 2)","('2018-12-10', 10)","('18:06:49', 8)","('outside', 7)","('5', 1)","('1.06', 4)","('5', 1)","('521.149', 7)","('N/A', 3)","('N/A', 3)","('617.148', 7)","('588.026', 7)","('666.781', 7)","('N/A', 3)","('682.627', 7)","('N/A', 3)","('N/A', 3)","('N/A', 3)","('N/A', 3)","('N/A', 3)","('N/A', 3)","('N/A', 3)","('532.430', 7)","('N/A', 3)","('N/A', 3)","('N/A', 3)","('N/A', 3)","('N/A', 3)","('546.763', 7)","('N/A', 3)","('N/A', 3)","('N/A', 3)"
"('36', 2)","('2018-12-11', 10)","('00:29:28', 8)","('', 0)","('6', 1)","('8.06', 4)","('5', 1)","('N/A', 3)","('N/A', 3)","('N/A', 3)","('N/A', 3)","('N/A', 3)","('N/A', 3)","('809.109', 7)","('637.524', 7)","('629.465', 7)","('N/A', 3)","('601.351', 7)","('683.378', 7)","('N/A', 3)","('N/A', 3)","('589.650', 7)","('546.866', 7)","('N/A', 3)","('N/A', 3)","('N/A', 3)","('N/A', 3)","('N/A', 3)","('N/A', 3)","('N/A', 3)","('N/A', 3)","('N/A', 3)"
"('37', 2)","('2018-12-11', 10)","('20:49:36', 8)","('', 0)","('5', 1)","('1.42', 4)","('5', 1)","('N/A', 3)","('N/A', 3)","('N/A', 3)","('652.780', 7)","('N/A', 3)","('671.337', 7)","('N/A', 3)","('676.627', 7)","('N/A', 3)","('682.157', 7)","('N/A', 3)","('N/A', 3)","('579.888', 7)","('N/A', 3)","('N/A', 3)","('N/A', 3)","('564.166', 7)","('N/A', 3)","('N/A', 3)","('N/A', 3)","('N/A', 3)","('N/A', 3)","('606.162', 7)","('N/A', 3)","('N/A', 3)"
"('38', 2)","('2018-12-12', 10)","('04:37:41', 8)","('', 0)","('4', 1)","('12.12', 5)","('5', 1)","('N/A', 3)","('N/A', 3)","('N/A', 3)","('677.403', 7)","('N/A', 3)","('602.221', 7)","('N/A', 3)","('685.859', 7)","('N/A', 3)","('520.757', 7)","('460.146', 7)","('N/A', 3)","('613.934', 7)","('N/A', 3)","('N/A', 3)","('534.122', 7)","('N/A', 3)","('N/A', 3)","('N/A', 3)","('N/A', 3)","('N/A', 3)","('N/A', 3)","('N/A', 3)","('N/A', 3)","('N/A', 3)"
"('39', 2)","('2018-12-12', 10)","('19:20:58', 8)","('', 0)","('4', 1)","('2.02', 4)","('5', 1)","('N/A', 3)","('N/A', 3)","('550.987', 7)","('629.748', 7)","('N/A', 3)","('660.086', 7)","('N/A', 3)","('N/A', 3)","('N/A', 3)","('N/A', 3)","('N/A', 3)","('N/A', 3)","('N/A', 3)","('N/A', 3)","('580.454', 7)","('N/A', 3)","('N/A', 3)","('568.189', 7)","('N/A', 3)","('440.632', 7)","('N/A', 3)","('629.867', 7)","('578.705', 7)","('N/A', 3)","('N/A', 3)"
"('40', 2)","('2018-12-13', 10)","('08:40:49', 8)","('', 0)","('4', 1)","('16.51', 5)","('4', 1)","('N/A', 3)","('N/A', 3)","('N/A', 3)","('N/A', 3)","('585.598', 7)","('N/A', 3)","('N/A', 3)","('646.458', 7)","('N/A', 3)","('596.877', 7)","('416.618', 7)","('N/A', 3)","('N/A', 3)","('N/A', 3)","('N/A', 3)","('N/A', 3)","('N/A', 3)","('N/A', 3)","('574.038', 7)","('N/A', 3)","('630.720', 7)","('N/A', 3)","('596.643', 7)","('N/A', 3)","('N/A', 3)"
"('41', 2)","('2018-12-13', 10)","('22:33:09', 8)","('', 0)","('5', 1)","('3.43', 4)","('4', 1)","('N/A', 3)","('N/A', 3)","('597.493', 7)","('N/A', 3)","('N/A', 3)","('N/A', 3)","('816.702', 7)","('N/A', 3)","('N/A', 3)","('N/A', 3)","('N/A', 3)","('692.327', 7)","('N/A', 3)","('617.866', 7)","('N/A', 3)","('N/A', 3)","('594.202', 7)","('N/A', 3)","('N/A', 3)","('N/A', 3)","('N/A', 3)","('N/A', 3)","('615.266', 7)","('588.969', 7)","('N/A', 3)"
"('42', 2)","('2018-12-14', 10)","('09:06:50', 8)","('', 0)","('4', 1)","('16.51', 5)","('5', 1)","('582.256', 7)","('N/A', 3)","('586.020', 7)","('N/A', 3)","('544.191', 7)","('N/A', 3)","('N/A', 3)","('N/A', 3)","('N/A', 3)","('N/A', 3)","('425.264', 7)","('N/A', 3)","('597.120', 7)","('N/A', 3)","('N/A', 3)","('N/A', 3)","('N/A', 3)","('435.109', 7)","('N/A', 3)","('586.389', 7)","('N/A', 3)","('N/A', 3)","('596.643', 7)","('N/A', 3)","('N/A', 3)"
"('43', 2)","('2018-12-14', 10)","('22:39:23', 8)","('', 0)","('5', 1)","('0.82', 4)","('3', 1)","('N/A', 3)","('N/A', 3)","('630.289', 7)","('668.870', 7)","('N/A', 3)","('N/A', 3)","('N/A', 3)","('N/A', 3)","('N/A', 3)","('N/A', 3)","('519.486', 7)","('N/A', 3)","('N/A', 3)","('N/A', 3)","('583.478', 7)","('622.817', 7)","('N/A', 3)","('N/A', 3)","('N/A', 3)","('N/A', 3)","('N/A', 3)","('N/A', 3)","('596.643', 7)","('N/A', 3)","('526.889', 7)"
"('44', 2)","('2018-12-15', 10)","('05:24:15', 8)","('', 0)","('5', 1)","('8.66', 4)","('5', 1)","('N/A', 3)","('577.057', 7)","('N/A', 3)","('N/A', 3)","('565.399', 7)","('633.116', 7)","('N/A', 3)","('N/A', 3)","('N/A', 3)","('N/A', 3)","('N/A', 3)","('N/A', 3)","('N/A', 3)","('N/A', 3)","('N/A', 3)","('N/A', 3)","('N/A', 3)","('N/A', 3)","('482.834', 7)","('N/A', 3)","('579.436', 7)","('N/A', 3)","('N/A', 3)","('586.499', 7)","('534.108', 7)"
"('45', 2)","('2018-12-15', 10)","('22:11:07', 8)","('', 0)","('5', 1)","('4.03', 4)","('5', 1)","('N/A', 3)","('N/A', 3)","('N/A', 3)","('660.572', 7)","('N/A', 3)","('N/A', 3)","('N/A', 3)","('N/A', 3)","('N/A', 3)","('620.797', 7)","('N/A', 3)","('N/A', 3)","('606.893', 7)","('N/A', 3)","('N/A', 3)","('N/A', 3)","('N/A', 3)","('627.930', 7)","('N/A', 3)","('553.949', 7)","('N/A', 3)","('N/A', 3)","('596.643', 7)","('614.583', 7)","('545.566', 7)"
"('46', 2)","('2018-12-16', 10)","('07:02:52', 8)","('', 0)","('5', 1)","('14.02', 5)","('5', 1)","('N/A', 3)","('N/A', 3)","('N/A', 3)","('N/A', 3)","('N/A', 3)","('N/A', 3)","('752.956', 7)","('612.538', 7)","('N/A', 3)","('630.314', 7)","('495.456', 7)","('N/A', 3)","('N/A', 3)","('506.021', 7)","('N/A', 3)","('N/A', 3)","('616.488', 7)","('568.189', 7)","('N/A', 3)","('570.475', 7)","('N/A', 3)","('N/A', 3)","('N/A', 3)","('N/A', 3)","('N/A', 3)"
"('47', 2)","('2018-12-16', 10)","('20:29:47', 8)","('', 0)","('4', 1)","('1.42', 4)","('4', 1)","('542.880', 7)","('659.684', 7)","('N/A', 3)","('N/A', 3)","('601.040', 7)","('N/A', 3)","('N/A', 3)","('627.377', 7)","('N/A', 3)","('N/A', 3)","('N/A', 3)","('N/A', 3)","('N/A', 3)","('653.468', 7)","('N/A', 3)","('N/A', 3)","('N/A', 3)","('568.189', 7)","('N/A', 3)","('518.537', 7)","('N/A', 3)","('649.729', 7)","('N/A', 3)","('N/A', 3)","('N/A', 3)"
"('48', 2)","('2018-12-17', 10)","('05:55:41', 8)","('', 0)","('5', 1)","('11.40', 5)","('5', 1)","('N/A', 3)","('665.865', 7)","('N/A', 3)","('N/A', 3)","('N/A', 3)","('N/A', 3)","('N/A', 3)","('685.887', 7)","('642.510', 7)","('N/A', 3)","('N/A', 3)","('570.566', 7)","('N/A', 3)","('623.786', 7)","('N/A', 3)","('N/A', 3)","('N/A', 3)","('N/A', 3)","('N/A', 3)","('N/A', 3)","('N/A', 3)","('N/A', 3)","('N/A', 3)","('600.032', 7)","('545.583', 7)"
"('49', 2)","('2018-12-17', 10)","('21:17:47', 8)","('', 0)","('5', 1)","('1.42', 4)","('4', 1)","('N/A', 3)","('668.438', 7)","('N/A', 3)","('N/A', 3)","('N/A', 3)","('N/A', 3)","('N/A', 3)","('562.410', 7)","('593.260', 7)","('670.067', 7)","('N/A', 3)","('N/A', 3)","('N/A', 3)","('N/A', 3)","('573.421', 7)","('N/A', 3)","('616.988', 7)","('N/A', 3)","('N/A', 3)","('N/A', 3)","('N/A', 3)","('554.848', 7)","('N/A', 3)","('N/A', 3)","('N/A', 3)"
"('50', 2)","('2018-12-18', 10)","('21:11:49', 8)","('', 0)","('4', 1)","('5.09', 4)","('5', 1)","('N/A', 3)","('N/A', 3)","('N/A', 3)","('680.666', 7)","('N/A', 3)","('N/A', 3)","('N/A', 3)","('N/A', 3)","('N/A', 3)","('N/A', 3)","('556.066', 7)","('N/A', 3)","('590.770', 7)","('N/A', 3)","('N/A', 3)","('521.710', 7)","('616.740', 7)","('N/A', 3)","('N/A', 3)","('N/A', 3)","('N/A', 3)","('664.779', 7)","('596.643', 7)","('N/A', 3)","('N/A', 3)"
"('51', 2)","('2018-12-19', 10)","('05:53:46', 8)","('', 0)","('6', 1)","('13.42', 5)","('5', 1)","('N/A', 3)","('N/A', 3)","('N/A', 3)","('N/A', 3)","('N/A', 3)","('N/A', 3)","('N/A', 3)","('553.866', 7)","('634.779', 7)","('N/A', 3)","('N/A', 3)","('698.724', 7)","('N/A', 3)","('N/A', 3)","('614.722', 7)","('560.526', 7)","('N/A', 3)","('N/A', 3)","('N/A', 3)","('N/A', 3)","('N/A', 3)","('669.812', 7)","('N/A', 3)","('N/A', 3)","('556.694', 7)"
"('52', 2)","('2018-12-19', 10)","('20:28:35', 8)","('', 0)","('5', 1)","('3.43', 4)","('4', 1)","('577.548', 7)","('674.768', 7)","('N/A', 3)","('N/A', 3)","('N/A', 3)","('N/A', 3)","('N/A', 3)","('701.174', 7)","('N/A', 3)","('N/A', 3)","('578.823', 7)","('N/A', 3)","('N/A', 3)","('N/A', 3)","('606.785', 7)","('526.791', 7)","('N/A', 3)","('568.189', 7)","('N/A', 3)","('518.537', 7)","('N/A', 3)","('N/A', 3)","('N/A', 3)","('N/A', 3)","('N/A', 3)"
"('53', 2)","('2018-12-20', 10)","('03:34:21', 8)","('', 0)","('4', 1)","('11.04', 5)","('5', 1)","('606.524', 7)","('N/A', 3)","('N/A', 3)","('680.171', 7)","('N/A', 3)","('N/A', 3)","('N/A', 3)","('710.651', 7)","('N/A', 3)","('595.339', 7)","('N/A', 3)","('N/A', 3)","('N/A', 3)","('624.404', 7)","('N/A', 3)","('N/A', 3)","('N/A', 3)","('N/A', 3)","('N/A', 3)","('N/A', 3)","('N/A', 3)","('N/A', 3)","('578.705', 7)","('593.067', 7)","('N/A', 3)"
"('54', 2)","('2018-12-20', 10)","('19:00:28', 8)","('', 0)","('5', 1)","('2.02', 4)","('4', 1)","('592.918', 7)","('N/A', 3)","('N/A', 3)","('N/A', 3)","('N/A', 3)","('N/A', 3)","('N/A', 3)","('N/A', 3)","('635.072', 7)","('N/A', 3)","('474.466', 7)","('711.485', 7)","('N/A', 3)","('N/A', 3)","('N/A', 3)","('N/A', 3)","('626.193', 7)","('N/A', 3)","('428.721', 7)","('N/A', 3)","('513.174', 7)","('N/A', 3)","('N/A', 3)","('N/A', 3)","('N/A', 3)"
"('55', 2)","('2018-12-21', 10)","('21:31:22', 8)","('', 0)","('5', 1)","('3.43', 4)","('4', 1)","('N/A', 3)","('N/A', 3)","('624.764', 7)","('N/A', 3)","('N/A', 3)","('N/A', 3)","('N/A', 3)","('N/A', 3)","('N/A', 3)","('620.797', 7)","('583.960', 7)","('N/A', 3)","('N/A', 3)","('N/A', 3)","('598.451', 7)","('N/A', 3)","('618.499', 7)","('N/A', 3)","('N/A', 3)","('N/A', 3)","('N/A', 3)","('N/A', 3)","('610.903', 7)","('613.893', 7)","('N/A', 3)"
"('56', 2)","('2018-12-22', 10)","('02:52:51', 8)","('', 0)","('4', 1)","('7.01', 4)","('5', 1)","('520.935', 7)","('N/A', 3)","('N/A', 3)","('706.640', 7)","('N/A', 3)","('N/A', 3)","('N/A', 3)","('N/A', 3)","('N/A', 3)","('630.314', 7)","('N/A', 3)","('713.048', 7)","('N/A', 3)","('N/A', 3)","('N/A', 3)","('595.589', 7)","('619.888', 7)","('N/A', 3)","('N/A', 3)","('N/A', 3)","('N/A', 3)","('N/A', 3)","('N/A', 3)","('607.304', 7)","('N/A', 3)"
"('57', 2)","('2018-12-22', 10)","('22:07:44', 8)","('', 0)","('5', 1)","('4.63', 4)","('5', 1)","('649.591', 7)","('N/A', 3)","('N/A', 3)","('N/A', 3)","('N/A', 3)","('639.806', 7)","('N/A', 3)","('N/A', 3)","('620.851', 7)","('N/A', 3)","('489.961', 7)","('N/A', 3)","('N/A', 3)","('N/A', 3)","('N/A', 3)","('612.886', 7)","('N/A', 3)","('N/A', 3)","('428.721', 7)","('N/A', 3)","('557.918', 7)","('N/A', 3)","('N/A', 3)","('N/A', 3)","('N/A', 3)"
"('58', 2)","('2018-12-23', 10)","('06:19:22', 8)","('board games', 11)","('6', 1)","('13.06', 5)","('5', 1)","('N/A', 3)","('N/A', 3)","('608.918', 7)","('N/A', 3)","('587.085', 7)","('N/A', 3)","('831.623', 7)","('N/A', 3)","('N/A', 3)","('670.067', 7)","('578.149', 7)","('N/A', 3)","('602.987', 7)","('N/A', 3)","('N/A', 3)","('N/A', 3)","('614.785', 7)","('N/A', 3)","('N/A', 3)","('N/A', 3)","('N/A', 3)","('N/A', 3)","('N/A', 3)","('N/A', 3)","('N/A', 3)"
"('59', 2)","('2018-12-23', 10)","('19:51:15', 8)","('', 0)","('5', 1)","('3.38', 4)","('4', 1)","('467.857', 7)","('N/A', 3)","('533.408', 7)","('655.403', 7)","('N/A', 3)","('N/A', 3)","('730.036', 7)","('615.380', 7)","('N/A', 3)","('N/A', 3)","('N/A', 3)","('709.311', 7)","('N/A', 3)","('N/A', 3)","('N/A', 3)","('506.551', 7)","('N/A', 3)","('N/A', 3)","('N/A', 3)","('N/A', 3)","('N/A', 3)","('N/A', 3)","('N/A', 3)","('N/A', 3)","('N/A', 3)"
"('60', 2)","('2018-12-24', 10)","('20:22:13', 8)","('', 0)","('4', 1)","('3.26', 4)","('3', 1)","('N/A', 3)","('495.492', 7)","('N/A', 3)","('N/A', 3)","('564.855', 7)","('632.469', 7)","('781.067', 7)","('N/A', 3)","('N/A', 3)","('N/A', 3)","('N/A', 3)","('N/A', 3)","('N/A', 3)","('N/A', 3)","('547.677', 7)","('N/A', 3)","('N/A', 3)","('N/A', 3)","('482.834', 7)","('N/A', 3)","('540.556', 7)","('N/A', 3)","('N/A', 3)","('N/A', 3)","('N/A', 3)"
"('61', 2)","('2018-12-25', 10)","('07:35:57', 8)","('', 0)","('5', 1)","('14.38', 5)","('5', 1)","('469.519', 7)","('N/A', 3)","('632.223', 7)","('674.336', 7)","('571.258', 7)","('N/A', 3)","('N/A', 3)","('N/A', 3)","('N/A', 3)","('N/A', 3)","('614.080', 7)","('N/A', 3)","('N/A', 3)","('N/A', 3)","('N/A', 3)","('N/A', 3)","('N/A', 3)","('N/A', 3)","('N/A', 3)","('N/A', 3)","('N/A', 3)","('N/A', 3)","('N/A', 3)","('587.126', 7)","('N/A', 3)"
"('62', 2)","('2018-12-25', 10)","('23:12:08', 8)","('', 0)","('4', 1)","('4.39', 4)","('3', 1)","('N/A', 3)","('N/A', 3)","('640.713', 7)","('N/A', 3)","('N/A', 3)","('N/A', 3)","('N/A', 3)","('620.818', 7)","('666.101', 7)","('N/A', 3)","('495.621', 7)","('712.638', 7)","('N/A', 3)","('N/A', 3)","('N/A', 3)","('630.866', 7)","('N/A', 3)","('N/A', 3)","('N/A', 3)","('N/A', 3)","('N/A', 3)","('N/A', 3)","('596.643', 7)","('N/A', 3)","('N/A', 3)"
"('63', 2)","('2018-12-26', 10)","('05:36:17', 8)","('', 0)","('5', 1)","('11.04', 5)","('5', 1)","('N/A', 3)","('N/A', 3)","('569.453', 7)","('N/A', 3)","('586.965', 7)","('707.035', 7)","('N/A', 3)","('602.893', 7)","('N/A', 3)","('N/A', 3)","('398.138', 7)","('N/A', 3)","('N/A', 3)","('N/A', 3)","('N/A', 3)","('N/A', 3)","('N/A', 3)","('N/A', 3)","('N/A', 3)","('N/A', 3)","('N/A', 3)","('N/A', 3)","('518.095', 7)","('597.299', 7)","('N/A', 3)"
"('64', 2)","('2018-12-27', 10)","('00:25:20', 8)","('', 0)","('6', 1)","('9.14', 4)","('4', 1)","('N/A', 3)","('N/A', 3)","('538.640', 7)","('N/A', 3)","('N/A', 3)","('N/A', 3)","('713.817', 7)","('N/A', 3)","('N/A', 3)","('N/A', 3)","('531.230', 7)","('708.902', 7)","('N/A', 3)","('N/A', 3)","('N/A', 3)","('557.935', 7)","('N/A', 3)","('N/A', 3)","('555.113', 7)","('N/A', 3)","('555.472', 7)","('N/A', 3)","('N/A', 3)","('N/A', 3)","('N/A', 3)"
"('65', 2)","('2018-12-27', 10)","('19:29:46', 8)","('', 0)","('5', 1)","('2.59', 4)","('3', 1)","('N/A', 3)","('N/A', 3)","('N/A', 3)","('N/A', 3)","('N/A', 3)","('N/A', 3)","('N/A', 3)","('N/A', 3)","('N/A', 3)","('N/A', 3)","('N/A', 3)","('667.467', 7)","('N/A', 3)","('654.827', 7)","('N/A', 3)","('517.341', 7)","('N/A', 3)","('N/A', 3)","('477.458', 7)","('N/A', 3)","('587.227', 7)","('763.206', 7)","('734.005', 7)","('N/A', 3)","('N/A', 3)"
"('66', 2)","('2018-12-28', 10)","('22:14:04', 8)","('', 0)","('5', 1)","('6.12', 4)","('4', 1)","('N/A', 3)","('N/A', 3)","('N/A', 3)","('666.033', 7)","('589.999', 7)","('N/A', 3)","('N/A', 3)","('657.024', 7)","('N/A', 3)","('585.951', 7)","('464.317', 7)","('N/A', 3)","('596.862', 7)","('N/A', 3)","('N/A', 3)","('N/A', 3)","('N/A', 3)","('N/A', 3)","('N/A', 3)","('N/A', 3)","('N/A', 3)","('N/A', 3)","('N/A', 3)","('N/A', 3)","('526.742', 7)"
"('67', 2)","('2018-12-29', 10)","('18:35:26', 8)","('', 0)","('4', 1)","('2.50', 4)","('5', 1)","('N/A', 3)","('N/A', 3)","('N/A', 3)","('N/A', 3)","('N/A', 3)","('N/A', 3)","('811.454', 7)","('N/A', 3)","('N/A', 3)","('N/A', 3)","('N/A', 3)","('N/A', 3)","('N/A', 3)","('659.671', 7)","('635.210', 7)","('N/A', 3)","('N/A', 3)","('N/A', 3)","('482.834', 7)","('N/A', 3)","('528.217', 7)","('N/A', 3)","('801.503', 7)","('N/A', 3)","('544.194', 7)"
"('68', 2)","('2018-12-31', 10)","('18:38:58', 8)","('', 0)","('5', 1)","('2.62', 4)","('4', 1)","('N/A', 3)","('646.592', 7)","('N/A', 3)","('N/A', 3)","('593.069', 7)","('N/A', 3)","('N/A', 3)","('N/A', 3)","('N/A', 3)","('N/A', 3)","('543.463', 7)","('N/A', 3)","('N/A', 3)","('N/A', 3)","('599.393', 7)","('N/A', 3)","('N/A', 3)","('N/A', 3)","('537.454', 7)","('N/A', 3)","('603.879', 7)","('496.099', 7)","('N/A', 3)","('N/A', 3)","('N/A', 3)"
"('69', 2)","('2019-01-02', 10)","('22:10:50', 8)","('', 0)","('4', 1)","('4.03', 4)","('4', 1)","('N/A', 3)","('694.383', 7)","('620.012', 7)","('678.815', 7)","('N/A', 3)","('N/A', 3)","('N/A', 3)","('N/A', 3)","('626.826', 7)","('696.953', 7)","('N/A', 3)","('N/A', 3)","('N/A', 3)","('N/A', 3)","('N/A', 3)","('631.100', 7)","('N/A', 3)","('N/A', 3)","('N/A', 3)","('N/A', 3)","('N/A', 3)","('739.264', 7)","('N/A', 3)","('N/A', 3)","('N/A', 3)"
"('70', 2)","('2019-01-04', 10)","('08:11:00', 8)","('', 0)","('5', 1)","('15.07', 5)","('5', 1)","('609.991', 7)","('N/A', 3)","('N/A', 3)","('N/A', 3)","('583.704', 7)","('N/A', 3)","('860.898', 7)","('N/A', 3)","('N/A', 3)","('N/A', 3)","('587.440', 7)","('N/A', 3)","('N/A', 3)","('N/A', 3)","('602.002', 7)","('N/A', 3)","('615.734', 7)","('N/A', 3)","('N/A', 3)","('N/A', 3)","('N/A', 3)","('N/A', 3)","('N/A', 3)","('604.492', 7)","('N/A', 3)"
"('71', 2)","('2019-01-04', 10)","('22:51:34', 8)","('', 0)","('4', 1)","('5.21', 4)","('4', 1)","('N/A', 3)","('674.768', 7)","('N/A', 3)","('N/A', 3)","('593.646', 7)","('N/A', 3)","('N/A', 3)","('N/A', 3)","('N/A', 3)","('N/A', 3)","('506.185', 7)","('N/A', 3)","('N/A', 3)","('644.452', 7)","('N/A', 3)","('N/A', 3)","('N/A', 3)","('542.398', 7)","('N/A', 3)","('603.453', 7)","('N/A', 3)","('N/A', 3)","('N/A', 3)","('583.282', 7)","('550.158', 7)"
"('72', 2)","('2019-01-05', 10)","('02:30:31', 8)","('', 0)","('5', 1)","('8.54', 4)","('4', 1)","('N/A', 3)","('N/A', 3)","('N/A', 3)","('656.445', 7)","('N/A', 3)","('N/A', 3)","('903.578', 7)","('680.571', 7)","('N/A', 3)","('N/A', 3)","('689.814', 7)","('N/A', 3)","('606.035', 7)","('622.488', 7)","('N/A', 3)","('N/A', 3)","('N/A', 3)","('N/A', 3)","('N/A', 3)","('N/A', 3)","('N/A', 3)","('601.453', 7)","('N/A', 3)","('N/A', 3)","('N/A', 3)"
"('73', 2)","('2019-01-05', 10)","('17:20:55', 8)","('', 0)","('5', 1)","('1.66', 4)","('4', 1)","('N/A', 3)","('N/A', 3)","('608.725', 7)","('637.042', 7)","('N/A', 3)","('669.404', 7)","('N/A', 3)","('N/A', 3)","('N/A', 3)","('N/A', 3)","('674.225', 7)","('N/A', 3)","('N/A', 3)","('N/A', 3)","('N/A', 3)","('N/A', 3)","('N/A', 3)","('N/A', 3)","('503.269', 7)","('N/A', 3)","('614.224', 7)","('554.848', 7)","('N/A', 3)","('N/A', 3)","('N/A', 3)"
"('74', 2)","('2019-01-06', 10)","('20:27:15', 8)","('', 0)","('5', 1)","('5.09', 4)","('5', 1)","('N/A', 3)","('N/A', 3)","('N/A', 3)","('N/A', 3)","('N/A', 3)","('N/A', 3)","('N/A', 3)","('N/A', 3)","('N/A', 3)","('N/A', 3)","('563.599', 7)","('720.920', 7)","('N/A', 3)","('N/A', 3)","('603.666', 7)","('N/A', 3)","('N/A', 3)","('N/A', 3)","('571.900', 7)","('N/A', 3)","('645.150', 7)","('493.568', 7)","('N/A', 3)","('604.379', 7)","('N/A', 3)"
"('75', 2)","('2019-01-07', 10)","('21:49:26', 8)","('', 0)","('5', 1)","('5.33', 4)","('3', 1)","('N/A', 3)","('665.865', 7)","('N/A', 3)","('614.200', 7)","('N/A', 3)","('N/A', 3)","('N/A', 3)","('N/A', 3)","('N/A', 3)","('N/A', 3)","('N/A', 3)","('N/A', 3)","('N/A', 3)","('N/A', 3)","('619.231', 7)","('N/A', 3)","('N/A', 3)","('N/A', 3)","('511.279', 7)","('N/A', 3)","('675.697', 7)","('501.326', 7)","('N/A', 3)","('N/A', 3)","('550.158', 7)"
"('76', 2)","('2019-01-09', 10)","('02:27:04', 8)","('', 0)","('5', 1)","('10.44', 5)","('5', 1)","('N/A', 3)","('N/A', 3)","('N/A', 3)","('685.826', 7)","('N/A', 3)","('664.028', 7)","('N/A', 3)","('N/A', 3)","('N/A', 3)","('N/A', 3)","('692.660', 7)","('N/A', 3)","('N/A', 3)","('650.018', 7)","('606.299', 7)","('N/A', 3)","('N/A', 3)","('542.398', 7)","('N/A', 3)","('570.532', 7)","('N/A', 3)","('500.903', 7)","('N/A', 3)","('N/A', 3)","('N/A', 3)"
"('77', 2)","('2019-01-11', 10)","('00:26:00', 8)","('', 0)","('5', 1)","('8.30', 4)","('3', 1)","('N/A', 3)","('N/A', 3)","('N/A', 3)","('N/A', 3)","('N/A', 3)","('N/A', 3)","('860.539', 7)","('N/A', 3)","('625.636', 7)","('540.614', 7)","('661.805', 7)","('N/A', 3)","('N/A', 3)","('672.482', 7)","('N/A', 3)","('N/A', 3)","('N/A', 3)","('N/A', 3)","('557.662', 7)","('N/A', 3)","('688.426', 7)","('N/A', 3)","('N/A', 3)","('N/A', 3)","('N/A', 3)"
"('78', 2)","('2019-01-11', 10)","('20:13:39', 8)","('', 0)","('4', 1)","('1.06', 4)","('3', 1)","('N/A', 3)","('655.170', 7)","('615.388', 7)","('N/A', 3)","('N/A', 3)","('N/A', 3)","('N/A', 3)","('N/A', 3)","('N/A', 3)","('N/A', 3)","('620.964', 7)","('N/A', 3)","('585.350', 7)","('N/A', 3)","('N/A', 3)","('568.148', 7)","('N/A', 3)","('N/A', 3)","('N/A', 3)","('N/A', 3)","('N/A', 3)","('N/A', 3)","('N/A', 3)","('595.469', 7)","('N/A', 3)"
"('79', 2)","('2019-01-12', 10)","('05:21:07', 8)","('', 0)","('4', 1)","('12.22', 5)","('5', 1)","('N/A', 3)","('593.210', 7)","('N/A', 3)","('674.740', 7)","('606.262', 7)","('N/A', 3)","('N/A', 3)","('764.858', 7)","('N/A', 3)","('618.440', 7)","('483.996', 7)","('N/A', 3)","('N/A', 3)","('N/A', 3)","('N/A', 3)","('N/A', 3)","('609.046', 7)","('N/A', 3)","('N/A', 3)","('N/A', 3)","('N/A', 3)","('N/A', 3)","('N/A', 3)","('N/A', 3)","('N/A', 3)"
"('80', 2)","('2019-01-12', 10)","('17:32:29', 8)","('', 0)","('5', 1)","('1.66', 4)","('3', 1)","('N/A', 3)","('N/A', 3)","('N/A', 3)","('N/A', 3)","('N/A', 3)","('N/A', 3)","('912.094', 7)","('N/A', 3)","('652.039', 7)","('N/A', 3)","('493.863', 7)","('N/A', 3)","('N/A', 3)","('N/A', 3)","('N/A', 3)","('N/A', 3)","('N/A', 3)","('N/A', 3)","('557.662', 7)","('N/A', 3)","('632.653', 7)","('N/A', 3)","('N/A', 3)","('608.488', 7)","('552.835', 7)"
"('81', 2)","('2019-01-14', 10)","('01:59:35', 8)","('', 0)","('4', 1)","('9.14', 4)","('4', 1)","('N/A', 3)","('N/A', 3)","('N/A', 3)","('690.634', 7)","('623.120', 7)","('699.598', 7)","('N/A', 3)","('N/A', 3)","('N/A', 3)","('618.440', 7)","('N/A', 3)","('N/A', 3)","('N/A', 3)","('N/A', 3)","('618.883', 7)","('558.328', 7)","('N/A', 3)","('N/A', 3)","('N/A', 3)","('N/A', 3)","('N/A', 3)","('N/A', 3)","('620.768', 7)","('N/A', 3)","('N/A', 3)"
"('82', 2)","('2019-01-15', 10)","('03:39:50', 8)","('', 0)","('5', 1)","('12.00', 5)","('5', 1)","('N/A', 3)","('624.091', 7)","('N/A', 3)","('N/A', 3)","('604.800', 7)","('N/A', 3)","('N/A', 3)","('N/A', 3)","('N/A', 3)","('N/A', 3)","('497.778', 7)","('N/A', 3)","('N/A', 3)","('641.070', 7)","('N/A', 3)","('288.139', 7)","('N/A', 3)","('448.807', 7)","('N/A', 3)","('586.389', 7)","('N/A', 3)","('N/A', 3)","('585.312', 7)","('N/A', 3)","('N/A', 3)"
"('83', 2)","('2019-01-17', 10)","('03:38:45', 8)","('', 0)","('3', 1)","('10.56', 5)","('3', 1)","('N/A', 3)","('N/A', 3)","('N/A', 3)","('N/A', 3)","('N/A', 3)","('N/A', 3)","('932.270', 7)","('673.491', 7)","('604.869', 7)","('N/A', 3)","('602.119', 7)","('N/A', 3)","('N/A', 3)","('N/A', 3)","('N/A', 3)","('N/A', 3)","('614.717', 7)","('N/A', 3)","('N/A', 3)","('N/A', 3)","('N/A', 3)","('644.757', 7)","('N/A', 3)","('623.533', 7)","('N/A', 3)"
"('84', 2)","('2019-01-17', 10)","('17:38:42', 8)","('', 0)","('5', 1)","('2.02', 4)","('4', 1)","('N/A', 3)","('728.008', 7)","('N/A', 3)","('661.039', 7)","('N/A', 3)","('635.874', 7)","('N/A', 3)","('N/A', 3)","('N/A', 3)","('N/A', 3)","('N/A', 3)","('N/A', 3)","('N/A', 3)","('N/A', 3)","('N/A', 3)","('N/A', 3)","('N/A', 3)","('N/A', 3)","('537.454', 7)","('N/A', 3)","('759.924', 7)","('N/A', 3)","('N/A', 3)","('616.878', 7)","('571.248', 7)"
"('85', 2)","('2019-01-19', 10)","('20:12:07', 8)","('', 0)","('5', 1)","('1.06', 4)","('4', 1)","('N/A', 3)","('670.188', 7)","('N/A', 3)","('N/A', 3)","('577.203', 7)","('N/A', 3)","('N/A', 3)","('N/A', 3)","('N/A', 3)","('N/A', 3)","('N/A', 3)","('659.513', 7)","('N/A', 3)","('N/A', 3)","('N/A', 3)","('N/A', 3)","('590.196', 7)","('N/A', 3)","('587.941', 7)","('N/A', 3)","('734.893', 7)","('N/A', 3)","('639.140', 7)","('N/A', 3)","('N/A', 3)"
"('86', 2)","('2019-01-22', 10)","('02:14:23', 8)","('', 0)","('5', 1)","('7.03', 4)","('5', 1)","('N/A', 3)","('808.030', 7)","('635.188', 7)","('N/A', 3)","('N/A', 3)","('N/A', 3)","('N/A', 3)","('N/A', 3)","('631.813', 7)","('590.552', 7)","('N/A', 3)","('N/A', 3)","('N/A', 3)","('638.420', 7)","('636.760', 7)","('N/A', 3)","('N/A', 3)","('N/A', 3)","('N/A', 3)","('N/A', 3)","('N/A', 3)","('523.081', 7)","('N/A', 3)","('N/A', 3)","('N/A', 3)"
"('87', 2)","('2019-01-23', 10)","('18:45:44', 8)","('', 0)","('5', 1)","('2.02', 4)","('5', 1)","('N/A', 3)","('N/A', 3)","('629.695', 7)","('N/A', 3)","('N/A', 3)","('686.645', 7)","('N/A', 3)","('N/A', 3)","('649.339', 7)","('N/A', 3)","('N/A', 3)","('N/A', 3)","('613.644', 7)","('N/A', 3)","('627.081', 7)","('N/A', 3)","('N/A', 3)","('N/A', 3)","('N/A', 3)","('N/A', 3)","('N/A', 3)","('N/A', 3)","('680.370', 7)","('N/A', 3)","('528.431', 7)"
"('88', 2)","('2019-01-25', 10)","('06:25:13', 8)","('', 0)","('5', 1)","('14.59', 5)","('5', 1)","('N/A', 3)","('574.555', 7)","('N/A', 3)","('N/A', 3)","('N/A', 3)","('698.565', 7)","('N/A', 3)","('N/A', 3)","('620.525', 7)","('N/A', 3)","('N/A', 3)","('N/A', 3)","('N/A', 3)","('647.264', 7)","('635.215', 7)","('549.543', 7)","('N/A', 3)","('N/A', 3)","('N/A', 3)","('N/A', 3)","('N/A', 3)","('N/A', 3)","('N/A', 3)","('N/A', 3)","('539.648', 7)"
"('89', 2)","('2019-01-26', 10)","('01:42:16', 8)","('in various pain', 15)","('6', 1)","('7.70', 4)","('3', 1)","('606.553', 7)","('N/A', 3)","('649.946', 7)","('N/A', 3)","('N/A', 3)","('N/A', 3)","('N/A', 3)","('N/A', 3)","('N/A', 3)","('N/A', 3)","('513.256', 7)","('691.821', 7)","('N/A', 3)","('N/A', 3)","('N/A', 3)","('N/A', 3)","('634.222', 7)","('N/A', 3)","('604.847', 7)","('N/A', 3)","('761.302', 7)","('N/A', 3)","('N/A', 3)","('N/A', 3)","('N/A', 3)"
"('90', 2)","('2019-01-26', 10)","('21:33:33', 8)","('', 0)","('6', 1)","('4.39', 4)","('5', 1)","('N/A', 3)","('609.706', 7)","('607.425', 7)","('691.891', 7)","('N/A', 3)","('N/A', 3)","('834.187', 7)","('N/A', 3)","('N/A', 3)","('N/A', 3)","('N/A', 3)","('N/A', 3)","('609.328', 7)","('N/A', 3)","('N/A', 3)","('N/A', 3)","('N/A', 3)","('600.304', 7)","('N/A', 3)","('616.396', 7)","('N/A', 3)","('610.919', 7)","('N/A', 3)","('N/A', 3)","('N/A', 3)"
"('91', 2)","('2019-01-27', 10)","('23:48:04', 8)","('headaches', 9)","('5', 1)","('7.13', 4)","('3', 1)","('N/A', 3)","('703.567', 7)","('639.112', 7)","('N/A', 3)","('N/A', 3)","('N/A', 3)","('N/A', 3)","('N/A', 3)","('N/A', 3)","('N/A', 3)","('599.366', 7)","('N/A', 3)","('612.483', 7)","('N/A', 3)","('647.807', 7)","('N/A', 3)","('N/A', 3)","('568.189', 7)","('N/A', 3)","('503.833', 7)","('N/A', 3)","('N/A', 3)","('N/A', 3)","('N/A', 3)","('566.676', 7)"
"('92', 2)","('2019-01-29', 10)","('02:22:08', 8)","('', 0)","('5', 1)","('10.32', 5)","('5', 1)","('N/A', 3)","('634.737', 7)","('N/A', 3)","('N/A', 3)","('609.767', 7)","('N/A', 3)","('879.708', 7)","('N/A', 3)","('656.438', 7)","('N/A', 3)","('N/A', 3)","('N/A', 3)","('N/A', 3)","('657.649', 7)","('N/A', 3)","('660.421', 7)","('N/A', 3)","('N/A', 3)","('N/A', 3)","('N/A', 3)","('N/A', 3)","('630.420', 7)","('N/A', 3)","('N/A', 3)","('N/A', 3)"
"('93', 2)","('2019-01-30', 10)","('02:47:56', 8)","('', 0)","('6', 1)","('10.68', 5)","('5', 1)","('N/A', 3)","('N/A', 3)","('N/A', 3)","('N/A', 3)","('N/A', 3)","('673.291', 7)","('N/A', 3)","('N/A', 3)","('642.364', 7)","('N/A', 3)","('624.244', 7)","('N/A', 3)","('636.856', 7)","('N/A', 3)","('N/A', 3)","('N/A', 3)","('N/A', 3)","('N/A', 3)","('589.737', 7)","('N/A', 3)","('748.011', 7)","('721.334', 7)","('N/A', 3)","('N/A', 3)","('N/A', 3)"
"('94', 2)","('2019-01-30', 10)","('21:07:41', 8)","('', 0)","('5', 1)","('6.05', 4)","('4', 1)","('539.663', 7)","('N/A', 3)","('N/A', 3)","('N/A', 3)","('602.096', 7)","('611.700', 7)","('N/A', 3)","('N/A', 3)","('N/A', 3)","('588.723', 7)","('N/A', 3)","('N/A', 3)","('N/A', 3)","('N/A', 3)","('N/A', 3)","('N/A', 3)","('N/A', 3)","('N/A', 3)","('711.547', 7)","('N/A', 3)","('717.402', 7)","('N/A', 3)","('N/A', 3)","('626.137', 7)","('N/A', 3)"
"('95', 2)","('2019-01-31', 10)","('21:27:03', 8)","('', 0)","('6', 1)","('6.48', 4)","('4', 1)","('N/A', 3)","('679.238', 7)","('N/A', 3)","('N/A', 3)","('N/A', 3)","('N/A', 3)","('N/A', 3)","('N/A', 3)","('632.539', 7)","('618.440', 7)","('N/A', 3)","('N/A', 3)","('622.200', 7)","('N/A', 3)","('N/A', 3)","('N/A', 3)","('644.116', 7)","('568.189', 7)","('N/A', 3)","('538.615', 7)","('N/A', 3)","('N/A', 3)","('N/A', 3)","('N/A', 3)","('554.312', 7)"
"('96', 2)","('2019-02-02', 10)","('01:47:12', 8)","('', 0)","('5', 1)","('12.34', 5)","('5', 1)","('N/A', 3)","('N/A', 3)","('N/A', 3)","('N/A', 3)","('622.341', 7)","('693.738', 7)","('N/A', 3)","('N/A', 3)","('631.222', 7)","('N/A', 3)","('N/A', 3)","('N/A', 3)","('N/A', 3)","('636.103', 7)","('N/A', 3)","('288.145', 7)","('N/A', 3)","('N/A', 3)","('N/A', 3)","('N/A', 3)","('N/A', 3)","('N/A', 3)","('711.720', 7)","('N/A', 3)","('541.711', 7)"
"('97', 2)","('2019-02-02', 10)","('21:40:36', 8)","('', 0)","('4', 1)","('5.81', 4)","('4', 1)","('N/A', 3)","('749.009', 7)","('N/A', 3)","('648.587', 7)","('613.039', 7)","('N/A', 3)","('N/A', 3)","('805.395', 7)","('N/A', 3)","('N/A', 3)","('N/A', 3)","('N/A', 3)","('N/A', 3)","('674.536', 7)","('N/A', 3)","('N/A', 3)","('N/A', 3)","('N/A', 3)","('N/A', 3)","('N/A', 3)","('N/A', 3)","('743.262', 7)","('N/A', 3)","('N/A', 3)","('564.330', 7)"
"('98', 2)","('2019-02-03', 10)","('23:24:30', 8)","('', 0)","('5', 1)","('6.41', 4)","('4', 1)","('N/A', 3)","('N/A', 3)","('N/A', 3)","('N/A', 3)","('N/A', 3)","('N/A', 3)","('N/A', 3)","('N/A', 3)","('N/A', 3)","('649.114', 7)","('N/A', 3)","('729.070', 7)","('639.722', 7)","('N/A', 3)","('616.673', 7)","('N/A', 3)","('623.921', 7)","('568.189', 7)","('N/A', 3)","('603.453', 7)","('N/A', 3)","('627.221', 7)","('N/A', 3)","('N/A', 3)","('N/A', 3)"
"('99', 2)","('2019-02-04', 10)","('21:43:24', 8)","('', 0)","('5', 1)","('1.66', 4)","('5', 1)","('466.425', 7)","('N/A', 3)","('N/A', 3)","('682.275', 7)","('N/A', 3)","('353.453', 7)","('N/A', 3)","('723.177', 7)","('N/A', 3)","('N/A', 3)","('N/A', 3)","('N/A', 3)","('N/A', 3)","('N/A', 3)","('N/A', 3)","('N/A', 3)","('627.570', 7)","('627.930', 7)","('N/A', 3)","('524.359', 7)","('N/A', 3)","('N/A', 3)","('681.144', 7)","('N/A', 3)","('N/A', 3)"
"('100', 3)","('2019-02-06', 10)","('01:48:23', 8)","('', 0)","('5', 1)","('12.00', 5)","('5', 1)","('N/A', 3)","('N/A', 3)","('N/A', 3)","('679.946', 7)","('610.902', 7)","('643.257', 7)","('N/A', 3)","('722.249', 7)","('N/A', 3)","('N/A', 3)","('447.523', 7)","('N/A', 3)","('N/A', 3)","('661.480', 7)","('N/A', 3)","('N/A', 3)","('N/A', 3)","('N/A', 3)","('N/A', 3)","('N/A', 3)","('N/A', 3)","('N/A', 3)","('703.780', 7)","('N/A', 3)","('N/A', 3)"
